Auto-update on Fri May 16 12:05:23 UTC 2025
Auto-update on Sat May 17 03:26:40 UTC 2025
Auto-update on Sun May 18 03:33:59 UTC 2025
Auto-update on Mon May 19 03:37:06 UTC 2025
Auto-update on Tue May 20 03:31:19 UTC 2025
Auto-update on Wed May 21 03:30:40 UTC 2025
Auto-update on Thu May 22 03:30:46 UTC 2025
Auto-update on Fri May 23 03:30:30 UTC 2025
Auto-update on Sat May 24 03:16:00 UTC 2025
Auto-update on Sun May 25 03:37:16 UTC 2025
Auto-update on Mon May 26 03:35:12 UTC 2025
Auto-update on Tue May 27 03:30:52 UTC 2025
Auto-update on Wed May 28 03:32:10 UTC 2025
Auto-update on Thu May 29 03:33:28 UTC 2025
Auto-update on Fri May 30 03:31:44 UTC 2025
Auto-update on Sat May 31 03:29:16 UTC 2025
Auto-update on Sun Jun  1 03:51:49 UTC 2025
Auto-update on Mon Jun  2 03:41:32 UTC 2025
Auto-update on Tue Jun  3 03:35:24 UTC 2025
Auto-update on Wed Jun  4 03:36:16 UTC 2025
Auto-update on Thu Jun  5 03:36:40 UTC 2025
Auto-update on Fri Jun  6 03:35:55 UTC 2025
Auto-update on Sat Jun  7 03:32:31 UTC 2025
Auto-update on Sun Jun  8 03:41:54 UTC 2025
Auto-update on Mon Jun  9 03:41:43 UTC 2025
Auto-update on Tue Jun 10 03:37:35 UTC 2025
Auto-update on Wed Jun 11 03:37:22 UTC 2025
Auto-update on Thu Jun 12 03:36:15 UTC 2025
Auto-update on Fri Jun 13 03:37:08 UTC 2025
Auto-update on Sat Jun 14 03:31:36 UTC 2025
Auto-update on Sun Jun 15 03:41:40 UTC 2025
Auto-update on Mon Jun 16 03:42:18 UTC 2025
Auto-update on Tue Jun 17 01:17:39 UTC 2025
Auto-update on Wed Jun 18 01:16:58 UTC 2025
Auto-update on Thu Jun 19 01:17:26 UTC 2025
Auto-update on Fri Jun 20 01:16:53 UTC 2025
Auto-update on Sat Jun 21 01:15:48 UTC 2025
Auto-update on Sun Jun 22 01:24:10 UTC 2025
Auto-update on Mon Jun 23 01:21:51 UTC 2025
Auto-update on Tue Jun 24 01:17:59 UTC 2025
Auto-update on Wed Jun 25 01:18:24 UTC 2025
Auto-update on Thu Jun 26 01:17:11 UTC 2025
Auto-update on Fri Jun 27 01:18:14 UTC 2025
Auto-update on Sat Jun 28 01:15:28 UTC 2025
Auto-update on Sun Jun 29 01:25:50 UTC 2025
Auto-update on Mon Jun 30 01:22:13 UTC 2025
Auto-update on Tue Jul  1 01:26:01 UTC 2025
Auto-update on Wed Jul  2 01:17:59 UTC 2025
Auto-update on Thu Jul  3 01:18:02 UTC 2025
Auto-update on Fri Jul  4 01:17:38 UTC 2025
Auto-update on Sat Jul  5 01:15:01 UTC 2025
Auto-update on Sun Jul  6 01:24:41 UTC 2025
Auto-update on Mon Jul  7 01:22:23 UTC 2025
Auto-update on Tue Jul  8 01:18:27 UTC 2025
Auto-update on Wed Jul  9 01:19:22 UTC 2025
Auto-update on Thu Jul 10 01:19:20 UTC 2025
Auto-update on Fri Jul 11 01:20:15 UTC 2025
Auto-update on Sat Jul 12 01:21:31 UTC 2025
Auto-update on Sun Jul 13 01:27:09 UTC 2025
Auto-update on Mon Jul 14 01:23:44 UTC 2025
Auto-update on Tue Jul 15 01:23:58 UTC 2025
Auto-update on Wed Jul 16 01:21:13 UTC 2025
Auto-update on Thu Jul 17 01:22:26 UTC 2025
Auto-update on Fri Jul 18 01:21:31 UTC 2025
Auto-update on Sat Jul 19 01:19:16 UTC 2025
Auto-update on Sun Jul 20 01:37:36 UTC 2025
Auto-update on Mon Jul 21 01:26:06 UTC 2025
Auto-update on Tue Jul 22 01:21:59 UTC 2025
Auto-update on Wed Jul 23 01:23:09 UTC 2025
Auto-update on Thu Jul 24 01:22:25 UTC 2025
Auto-update on Fri Jul 25 01:22:06 UTC 2025
Auto-update on Sat Jul 26 01:20:07 UTC 2025
Auto-update on Sun Jul 27 01:38:14 UTC 2025
Auto-update on Mon Jul 28 01:27:27 UTC 2025
Auto-update on Tue Jul 29 01:41:59 UTC 2025
Auto-update on Wed Jul 30 01:23:55 UTC 2025
Auto-update on Thu Jul 31 01:23:29 UTC 2025
Auto-update on Fri Aug  1 01:41:54 UTC 2025
Auto-update on Sat Aug  2 01:19:59 UTC 2025
Auto-update on Sun Aug  3 01:39:39 UTC 2025
Auto-update on Mon Aug  4 01:39:40 UTC 2025
Auto-update on Tue Aug  5 01:25:41 UTC 2025
Auto-update on Wed Aug  6 01:23:56 UTC 2025
Auto-update on Thu Aug  7 01:24:35 UTC 2025
Auto-update on Fri Aug  8 01:24:07 UTC 2025
Auto-update on Sat Aug  9 01:17:32 UTC 2025
Auto-update on Sun Aug 10 01:28:09 UTC 2025
Auto-update on Mon Aug 11 01:24:49 UTC 2025
Auto-update on Tue Aug 12 01:16:48 UTC 2025
Auto-update on Wed Aug 13 01:18:11 UTC 2025
Auto-update on Thu Aug 14 01:18:43 UTC 2025
Auto-update on Fri Aug 15 01:19:07 UTC 2025
Auto-update on Sat Aug 16 01:15:02 UTC 2025
Auto-update on Sun Aug 17 01:23:49 UTC 2025
Auto-update on Mon Aug 18 01:23:07 UTC 2025
Auto-update on Tue Aug 19 01:15:21 UTC 2025
Auto-update on Wed Aug 20 01:13:14 UTC 2025
Auto-update on Thu Aug 21 01:12:25 UTC 2025
Auto-update on Fri Aug 22 01:13:10 UTC 2025
Auto-update on Sat Aug 23 01:10:37 UTC 2025
Auto-update on Sun Aug 24 01:20:54 UTC 2025
Auto-update on Mon Aug 25 01:16:17 UTC 2025
Auto-update on Tue Aug 26 01:14:13 UTC 2025
Auto-update on Wed Aug 27 01:11:55 UTC 2025
Auto-update on Thu Aug 28 01:11:09 UTC 2025
Auto-update on Fri Aug 29 01:11:09 UTC 2025
Auto-update on Sat Aug 30 01:07:50 UTC 2025
Auto-update on Sun Aug 31 01:15:49 UTC 2025
Auto-update on Mon Sep  1 01:22:43 UTC 2025
Auto-update on Tue Sep  2 01:12:18 UTC 2025
Auto-update on Wed Sep  3 01:08:09 UTC 2025
Auto-update on Thu Sep  4 01:07:46 UTC 2025
Auto-update on Fri Sep  5 01:09:39 UTC 2025
Auto-update on Sat Sep  6 01:07:50 UTC 2025
Auto-update on Sun Sep  7 01:14:57 UTC 2025
Auto-update on Mon Sep  8 01:13:33 UTC 2025
Auto-update on Tue Sep  9 01:10:44 UTC 2025
Auto-update on Wed Sep 10 01:08:43 UTC 2025
Auto-update on Thu Sep 11 01:10:34 UTC 2025
Auto-update on Fri Sep 12 01:07:32 UTC 2025
Auto-update on Sat Sep 13 01:04:50 UTC 2025
Auto-update on Sun Sep 14 01:14:06 UTC 2025
Auto-update on Mon Sep 15 01:14:33 UTC 2025
Auto-update on Tue Sep 16 01:08:38 UTC 2025
Auto-update on Wed Sep 17 01:08:12 UTC 2025
Auto-update on Thu Sep 18 01:08:20 UTC 2025
Auto-update on Fri Sep 19 01:10:46 UTC 2025
Auto-update on Sat Sep 20 01:07:11 UTC 2025
Auto-update on Sun Sep 21 01:15:58 UTC 2025
Auto-update on Mon Sep 22 01:15:17 UTC 2025
Auto-update on Tue Sep 23 01:08:47 UTC 2025
Auto-update on Wed Sep 24 01:09:57 UTC 2025
Auto-update on Thu Sep 25 01:10:11 UTC 2025
Auto-update on Fri Sep 26 01:09:55 UTC 2025
Auto-update on Sat Sep 27 01:07:04 UTC 2025
Auto-update on Sun Sep 28 01:16:46 UTC 2025
Auto-update on Mon Sep 29 01:11:44 UTC 2025
Auto-update on Tue Sep 30 01:11:11 UTC 2025
Auto-update on Wed Oct  1 01:18:17 UTC 2025
Auto-update on Thu Oct  2 01:08:41 UTC 2025
Auto-update on Fri Oct  3 01:08:23 UTC 2025
Auto-update on Sat Oct  4 01:05:50 UTC 2025
Auto-update on Sun Oct  5 01:16:01 UTC 2025
Auto-update on Mon Oct  6 01:10:36 UTC 2025
Auto-update on Tue Oct  7 01:09:32 UTC 2025
Auto-update on Wed Oct  8 01:09:24 UTC 2025
Auto-update on Thu Oct  9 01:10:25 UTC 2025
Auto-update on Fri Oct 10 01:09:56 UTC 2025
Auto-update on Sat Oct 11 01:07:26 UTC 2025
Auto-update on Sun Oct 12 01:13:29 UTC 2025
Auto-update on Mon Oct 13 01:15:02 UTC 2025
Auto-update on Tue Oct 14 01:10:05 UTC 2025
Auto-update on Wed Oct 15 01:11:48 UTC 2025
Auto-update on Thu Oct 16 01:11:34 UTC 2025
Auto-update on Fri Oct 17 01:11:07 UTC 2025
Auto-update on Sat Oct 18 01:07:55 UTC 2025
Auto-update on Sun Oct 19 01:19:29 UTC 2025
Auto-update on Mon Oct 20 01:16:53 UTC 2025
Auto-update on Tue Oct 21 01:13:34 UTC 2025
Auto-update on Wed Oct 22 01:14:51 UTC 2025
Auto-update on Thu Oct 23 01:13:01 UTC 2025
Auto-update on Fri Oct 24 01:09:23 UTC 2025
Auto-update on Sat Oct 25 01:10:29 UTC 2025
Auto-update on Sun Oct 26 01:17:39 UTC 2025
Auto-update on Mon Oct 27 01:18:55 UTC 2025
Auto-update on Tue Oct 28 01:11:26 UTC 2025
Auto-update on Wed Oct 29 01:16:36 UTC 2025
Auto-update on Thu Oct 30 01:16:05 UTC 2025
Auto-update on Fri Oct 31 01:13:57 UTC 2025
Auto-update on Sat Nov  1 01:18:08 UTC 2025
Auto-update on Sun Nov  2 01:18:37 UTC 2025
Auto-update on Mon Nov  3 01:17:30 UTC 2025
Auto-update on Tue Nov  4 01:14:33 UTC 2025
Auto-update on Wed Nov  5 01:15:47 UTC 2025
Auto-update on Thu Nov  6 01:15:12 UTC 2025
Auto-update on Fri Nov  7 01:14:43 UTC 2025
Auto-update on Sat Nov  8 01:10:58 UTC 2025
Auto-update on Sun Nov  9 01:18:19 UTC 2025
Auto-update on Mon Nov 10 01:18:01 UTC 2025
Auto-update on Tue Nov 11 01:15:53 UTC 2025
Auto-update on Wed Nov 12 01:15:17 UTC 2025
Auto-update on Thu Nov 13 01:15:52 UTC 2025
Auto-update on Fri Nov 14 01:15:17 UTC 2025
Auto-update on Sat Nov 15 01:13:20 UTC 2025
Auto-update on Sun Nov 16 01:20:08 UTC 2025
Auto-update on Mon Nov 17 01:16:09 UTC 2025
Auto-update on Tue Nov 18 01:15:21 UTC 2025
Auto-update on Wed Nov 19 01:14:57 UTC 2025
Auto-update on Thu Nov 20 01:14:01 UTC 2025
Auto-update on Fri Nov 21 01:14:29 UTC 2025
Auto-update on Sat Nov 22 01:12:07 UTC 2025
Auto-update on Sun Nov 23 01:24:55 UTC 2025
Auto-update on Mon Nov 24 01:20:04 UTC 2025
Auto-update on Tue Nov 25 01:15:05 UTC 2025
Auto-update on Wed Nov 26 01:15:46 UTC 2025
Auto-update on Thu Nov 27 01:14:33 UTC 2025
Auto-update on Fri Nov 28 01:13:46 UTC 2025
Auto-update on Sat Nov 29 01:13:59 UTC 2025
Auto-update on Sun Nov 30 01:24:24 UTC 2025
Auto-update on Mon Dec  1 01:39:18 UTC 2025
Auto-update on Tue Dec  2 01:17:08 UTC 2025
Auto-update on Wed Dec  3 01:17:29 UTC 2025
Auto-update on Thu Dec  4 01:17:26 UTC 2025
Auto-update on Fri Dec  5 01:17:44 UTC 2025
Auto-update on Sat Dec  6 01:13:50 UTC 2025
Auto-update on Sun Dec  7 01:24:33 UTC 2025
Auto-update on Mon Dec  8 01:17:58 UTC 2025
Auto-update on Tue Dec  9 01:17:22 UTC 2025
Auto-update on Wed Dec 10 01:19:15 UTC 2025
Auto-update on Thu Dec 11 01:20:03 UTC 2025
Auto-update on Fri Dec 12 01:19:31 UTC 2025
Auto-update on Sat Dec 13 01:15:13 UTC 2025
